participant,music,silence,diff
avery,56.4,50.5,5.899999999999999
eugenia,45.8,45.6,0.19999999999999574
